card,url,xlsx_category
shot-0270,https://tedthomas.com/is-oregon-a-tax-lien-state/,"404"
shot-0271,https://tedthomas.com/is-owner-financing-land-a-good-idea/,"404"
shot-0272,https://tedthomas.com/is-social-security-going-broke/,"404"
shot-0273,https://tedthomas.com/is-south-carolina-a-tax-deed-state/,"404"
shot-0275,https://tedthomas.com/land-for-sale-at-auction/,"404"
shot-0276,https://tedthomas.com/land-tax-sale/,"404"
shot-0277,https://tedthomas.com/learn-how-to-buy-a-house-at-an-auction/,"404"
shot-0278,https://tedthomas.com/learn-how-to-find-properties-with-unpaid-taxes/,"404"
shot-0279,https://tedthomas.com/lease-option-real-estate-investing/,"404"
shot-0284,https://tedthomas.com/meet-ted-thomas/,"404"
shot-0287,https://tedthomas.com/need-a-home-consider-home-sale-tax-deed-auction/,"404"
shot-0288,https://tedthomas.com/new-bill-in-indiana-legislature-indiana-tax-sale/,"404"
shot-0290,https://tedthomas.com/no-cash-down-real-estate-investing/,"404"
shot-0298,https://tedthomas.com/podcasts/,"404"
shot-0300,https://tedthomas.com/podcasts/chris-prefontaine/,"404"
shot-0304,https://tedthomas.com/purchase-tax-liens-online/,"404"
shot-0306,https://tedthomas.com/purchasing-tax-liens-online-x/,"404"
shot-0308,https://tedthomas.com/quiet-title-vs-quit-claim-deed-part-2/,"404"
shot-0310,https://tedthomas.com/residential-real-estate-investing-strategy/,"404"
shot-0322,https://tedthomas.com/should-i-invest-in-rental-property/,"404"
shot-0323,https://tedthomas.com/tag/adams-county/,"404"
shot-0324,https://tedthomas.com/tag/arizona/,"404"
shot-0325,https://tedthomas.com/tag/auction-rules/,"404"
shot-0326,https://tedthomas.com/tag/bid-down/,"404"
shot-0327,https://tedthomas.com/tag/buildable-residential-lots/,"404"
shot-0328,https://tedthomas.com/tag/california/,"404"
shot-0329,https://tedthomas.com/tag/chicago/,"404"
shot-0330,https://tedthomas.com/tag/closing/,"404"
shot-0331,https://tedthomas.com/tag/contract-for-deed/,"404"
shot-0332,https://tedthomas.com/tag/contract-for-sale/,"404"
shot-0333,https://tedthomas.com/tag/contract-to-sale/,"404"
shot-0334,https://tedthomas.com/tag/counties/,"404"
shot-0335,https://tedthomas.com/tag/credit-rating/,"404"
shot-0336,https://tedthomas.com/tag/deed-of-trust/,"404"
shot-0337,https://tedthomas.com/tag/dekalb-county/,"404"
shot-0338,https://tedthomas.com/tag/delinquent-period/,"404"
shot-0339,https://tedthomas.com/tag/dupage-county/,"404"
shot-0340,https://tedthomas.com/tag/encumbrance/,"404"
shot-0341,https://tedthomas.com/tag/encumbrances/,"404"
shot-0342,https://tedthomas.com/tag/foreclosure/,"404"
shot-0343,https://tedthomas.com/tag/georgia/,"404"
shot-0344,https://tedthomas.com/tag/illinois/,"404"
shot-0345,https://tedthomas.com/tag/inflation-hedge/,"404"
shot-0346,https://tedthomas.com/tag/installment-payments/,"404"
shot-0347,https://tedthomas.com/tag/installment-plan/,"404"
shot-0348,https://tedthomas.com/tag/junior-lien/,"404"
shot-0349,https://tedthomas.com/tag/knox-county/,"404"
shot-0350,https://tedthomas.com/tag/lien/,"404"
shot-0351,https://tedthomas.com/tag/miami-dade-county/,"404"
shot-0352,https://tedthomas.com/tag/multnomah-county/,"404"
shot-0353,https://tedthomas.com/tag/municipalities/,"404"
shot-0354,https://tedthomas.com/tag/online-auction/,"404"
shot-0355,https://tedthomas.com/tag/owner-financing/,"404"
shot-0356,https://tedthomas.com/tag/public-notice-illinois/,"404"
shot-0357,https://tedthomas.com/tag/quitclaim-deed/,"404"
shot-0358,https://tedthomas.com/tag/redeemable-tax-deeds/,"404"
shot-0359,https://tedthomas.com/tag/redemption-period/,"404"
shot-0360,https://tedthomas.com/tag/research/,"404"
shot-0361,https://tedthomas.com/tag/residential-lots/,"404"
shot-0362,https://tedthomas.com/tag/reverse-auction/,"404"
shot-0364,https://tedthomas.com/tag/san-luis-obispo-county/,"404"
shot-0363,https://tedthomas.com/tag/sangamon-county/,"404"
shot-0365,https://tedthomas.com/tag/senior-lien/,"404"
shot-0366,https://tedthomas.com/tag/tax-sale-list/,"404"
shot-0367,https://tedthomas.com/tag/texas/,"404"
shot-0368,https://tedthomas.com/tag/trust-deed/,"404"
shot-0370,https://tedthomas.com/tax-deed-auction/,"404"
shot-0374,https://tedthomas.com/tax-deed-sales-in-washington-state/,"404"
shot-0375,https://tedthomas.com/tax-deed-vs-tax-lien/,"404"
shot-0376,https://tedthomas.com/tax-defaulted-homes/,"404"
shot-0377,https://tedthomas.com/tax-defaulted-properties-certified-coaches/,"404"
shot-0378,https://tedthomas.com/tax-defaulted-property-investing-7-things-to-know/,"404"
shot-0379,https://tedthomas.com/tax-delinquent-list/,"404"
shot-0381,https://tedthomas.com/tax-delinquent-real-estate-investment-strategy/,"404"
shot-0384,https://tedthomas.com/tax-lien-certificate-auction/,"404"
shot-0387,https://tedthomas.com/tax-lien-certificates-for-dummies/,"404"
shot-0388,https://tedthomas.com/tax-lien-investing-in-florida/,"404"
shot-0390,https://tedthomas.com/tax-lien-sales-in-texas/,"404"
shot-0392,https://tedthomas.com/tax-sale-overages/,"404"
shot-0393,https://tedthomas.com/tax-sales-near-me/,"404"
shot-0394,https://tedthomas.com/ted-thomas-customer-support/,"404"
shot-0396,https://tedthomas.com/terms-conditions/,"404"
shot-0398,https://tedthomas.com/texas-tax-lien-sales-plus-free-gift-for-you/,"404"
shot-0407,https://tedthomas.com/understanding-what-is-a-tax-lien-certificate/,"404"
shot-0420,https://tedthomas.com/what-are-the-11-biggest-risks-in-tax-lien-investing/,"404"
shot-0422,https://tedthomas.com/what-are-the-best-alternative-investments/,"404"
shot-0423,https://tedthomas.com/what-business-can-i-start-from-home/,"404"
shot-0424,https://tedthomas.com/what-does-assessed-value-mean/,"404"
shot-0425,https://tedthomas.com/what-does-foreclosure-mean-in-real-estate/,"404"
shot-0428,https://tedthomas.com/what-is-a-fair-interest-rate-for-seller-financing/,"404"
shot-0429,https://tedthomas.com/what-is-a-quitclaim-deed/,"404"
shot-0434,https://tedthomas.com/what-is-a-tax-certificate-sale/,"404"
shot-0435,https://tedthomas.com/what-is-a-tax-deed-sale/,"404"
shot-0436,https://tedthomas.com/what-is-a-tax-lien/,"404"
shot-0442,https://tedthomas.com/what-is-the-best-work-from-home-business/,"404"
shot-0447,https://tedthomas.com/where-should-i-invest-my-money/,"404"
shot-0448,https://tedthomas.com/where-to-find-houses-to-flip/,"404"
shot-0449,https://tedthomas.com/why-do-people-become-entrepreneurs/,"404"
shot-0450,https://tedthomas.com/why-do-people-want-to-become-entrepreneurs/,"404"
shot-0127,https://tedthomas.com/arizona-tax-lien-sales/,"Blog"
shot-0131,https://tedthomas.com/bank-foreclosures-vs-property-tax-deed-foreclosures/,"Blog"
shot-0132,https://tedthomas.com/best-places-to-invest-in-real-estate/,"Blog"
shot-0133,https://tedthomas.com/best-real-estate-investments-in-california/,"Blog"
shot-0134,https://tedthomas.com/blog/,"Blog"
shot-0136,https://tedthomas.com/buy-house-money/,"Blog"
shot-0158,https://tedthomas.com/buy-real-estate-online-2/,"Blog"
shot-0137,https://tedthomas.com/buying-a-home-by-paying-back-taxes/,"Blog"
shot-0139,https://tedthomas.com/buying-a-house-by-paying-back-taxes/,"Blog"
shot-0140,https://tedthomas.com/buying-a-house-to-rent-out/,"Blog"
shot-0142,https://tedthomas.com/buying-a-rental-property/,"Blog"
shot-0144,https://tedthomas.com/buying-a-tax-deed-property/,"Blog"
shot-0146,https://tedthomas.com/buying-house-paying-back-taxes,"Blog"
shot-0148,https://tedthomas.com/buying-illinois-tax-liens/,"Blog"
shot-0149,https://tedthomas.com/buying-land-for-beginners-at-a-tax-deed-auction/,"Blog"
shot-0151,https://tedthomas.com/buying-property-in-montana-through-foreclosures/,"Blog"
shot-0153,https://tedthomas.com/buying-tax-deeds-in-california/,"Blog"
shot-0154,https://tedthomas.com/buying-tax-delinquent-property-before-auction-risk/,"Blog"
shot-0155,https://tedthomas.com/buying-tax-liens-as-a-side-hustle-plus-free-course/,"Blog"
shot-0156,https://tedthomas.com/buying-tax-liens-online/,"Blog"
shot-0157,https://tedthomas.com/buying-vacant-land/,"Blog"
shot-0164,https://tedthomas.com/can-canadians-invest-in-us-tax-liens/,"Blog"
shot-0166,https://tedthomas.com/can-ira-funds-be-used-to-purchase-real-estate/,"Blog"
shot-0167,https://tedthomas.com/can-you-get-a-mortgage-with-a-state-tax-lien/,"Blog"
shot-0174,https://tedthomas.com/company-accused-of-buying-tax-defaulted-property/,"Blog"
shot-0179,https://tedthomas.com/different-ways-to-make-money-in-real-estate/,"Blog"
shot-0181,https://tedthomas.com/escambia-county-tax-deed-sales/,"Blog"
shot-0196,https://tedthomas.com/find-investment-properties-for-pennies-on-the-dollar/,"Blog"
shot-0197,https://tedthomas.com/florida-tax-liens/,"Blog"
shot-0205,https://tedthomas.com/homes-sale-back-taxes,"Blog"
shot-0206,https://tedthomas.com/homework-buying-tax-defaulted-property/,"Blog"
shot-0207,https://tedthomas.com/houses-for-sale-for-back-taxes-are-easy-to-find/,"Blog"
shot-0209,https://tedthomas.com/how-does-owner-financing-work-for-the-seller/,"Blog"
shot-0211,https://tedthomas.com/how-much-money-can-you-make-investing-in-real-estate/,"Blog"
shot-0213,https://tedthomas.com/how-to-be-a-financially-independent-woman/,"Blog"
shot-0214,https://tedthomas.com/how-to-become-financially-independent-fast/,"Blog"
shot-0216,https://tedthomas.com/how-to-buy-a-house-in-foreclosure-what-you-need/,"Blog"
shot-0218,https://tedthomas.com/how-to-buy-a-tax-lien-certificate/,"Blog"
shot-0219,https://tedthomas.com/how-to-buy-property-with-delinquent-taxes/,"Blog"
shot-0220,https://tedthomas.com/how-to-buy-real-estate-at-foreclosure-auctions/,"Blog"
shot-0221,https://tedthomas.com/how-to-buy-tax-deeds/,"Blog"
shot-0222,https://tedthomas.com/how-to-buy-tax-lien-certificates-in-georgia/,"Blog"
shot-0223,https://tedthomas.com/how-to-buy-tax-lien-certificates-in-illinois/,"Blog"
shot-0224,https://tedthomas.com/how-to-buy-tax-lien-certificates-in-maryland/,"Blog"
shot-0228,https://tedthomas.com/how-to-do-real-estate-part-time/,"Blog"
shot-0229,https://tedthomas.com/how-to-do-seller-financing/,"Blog"
shot-0231,https://tedthomas.com/how-to-find-cheap-land-for-sale/,"Blog"
shot-0232,https://tedthomas.com/how-to-find-distressed-properties/,"Blog"
shot-0233,https://tedthomas.com/how-to-find-houses-to-flip/,"Blog"
shot-0234,https://tedthomas.com/how-to-flip-properties/,"Blog"
shot-0236,https://tedthomas.com/how-to-get-a-mortgage-with-no-money-down-easily/,"Blog"
shot-0237,https://tedthomas.com/how-to-get-started-in-real-estate-investing/,"Blog"
shot-0238,https://tedthomas.com/how-to-invest-in-real-estate-for-passive-income/,"Blog"
shot-0240,https://tedthomas.com/how-to-invest-in-real-estate-tax-liens/,"Blog"
shot-0243,https://tedthomas.com/how-to-invest-money-in-your-50s/,"Blog"
shot-0245,https://tedthomas.com/how-to-make-a-side-hustle/,"Blog"
shot-0247,https://tedthomas.com/how-to-make-money-buying-tax-liens/,"Blog"
shot-0249,https://tedthomas.com/how-to-make-money-with-tax-lien-certificates/,"Blog"
shot-0252,https://tedthomas.com/how-to-purchase-real-estate-with-self-directed-ira/,"Blog"
shot-0253,https://tedthomas.com/how-to-sell-land-by-owner-for-a-quick-sale/,"Blog"
shot-0254,https://tedthomas.com/how-to-sell-vacant-land-fast/,"Blog"
shot-0255,https://tedthomas.com/how-to-spot-a-good-real-estate-investment/,"Blog"
shot-0256,https://tedthomas.com/how-to-start-a-real-estate-business/,"Blog"
shot-0257,https://tedthomas.com/how-to-start-your-own-investment-portfolio/,"Blog"
shot-0260,https://tedthomas.com/how-to-work-from-home-effectively/,"Blog"
shot-0274,https://tedthomas.com/i-want-to-buy-a-home/,"Blog"
shot-0263,https://tedthomas.com/investing-in-georgia/,"Blog"
shot-0264,https://tedthomas.com/investing-in-property-tax-liens/,"Blog"
shot-0193,https://tedthomas.com/faqs/what-is-a-tax-lien/,"FAQ"
shot-0121,https://tedthomas.com/,"Internal Pages"
shot-0112,https://taxliensonline.com/,"Other Landing Pages"
shot-0198,https://tedthomas.com/free-webinar/,"Other Landing Pages"
